{
    "accuracy": 0.8648648648648649,
    "roc_auc": 0.9627329192546584,
    "pr_auc": 0.9789540330844677,
    "sensitivity": 0.9130434782608695,
    "specificity": 0.7857142857142857,
    "precision": 0.875,
    "recall": 0.9130434782608695,
    "f1_score": 0.8936170212765957,
    "true_positives": 21,
    "true_negatives": 11,
    "false_positives": 3,
    "false_negatives": 2
}