{
  "temperature": 1.0658644437789917,
  "nll_before": 0.030685637146234512,
  "nll_after": 0.031573403626680374,
  "ece_before": 0.022827043726637557,
  "ece_after": 0.023740629892091494,
  "brier_before": 0.019479056583505475,
  "brier_after": 0.019600648315367855
}