{
  "temperature": 1.4972907304763794,
  "nll_before": 0.6531623005867004,
  "nll_after": 0.6487462520599365,
  "ece_before": 0.04610321006259399,
  "ece_after": 0.014680474191098636,
  "brier_before": 0.46005814257054195,
  "brier_after": 0.4562381654529671
}