{
  "checkpoint": "C:\\--DPM-MAIN-DIR--\\windsurf_projects\\MRI-CV-MODEL-TRAINING-AND-INFERENCE-PROJECT\\checkpoints\\seg_production\\best_model.pth",
  "data_dir": "data/processed/brats2d/val",
  "num_samples": 45,
  "threshold": 0.5,
  "summary": {
    "dice": {
      "mean": 0.6897375365846319,
      "std": 0.2364172781394903,
      "min": 0.0,
      "max": 0.8747252747188665,
      "median": 0.7901234567812556
    },
    "iou": {
      "mean": 0.5649244869060384,
      "std": 0.21619966342279037,
      "min": 0.0,
      "max": 0.7773437499898783,
      "median": 0.6530612244776798
    },
    "precision": {
      "mean": 0.7284405250092458,
      "std": 0.23336232556183112,
      "min": 0.0,
      "max": 0.9211195928518799,
      "median": 0.8192771084139933
    },
    "recall": {
      "mean": 0.6723553653461326,
      "std": 0.256175671455647,
      "min": 0.0,
      "max": 0.9379474940222202,
      "median": 0.7793939393844922
    },
    "f1": {
      "mean": 0.6897375319196779,
      "std": 0.23641727734380033,
      "min": 0.0,
      "max": 0.8747252697318467,
      "median": 0.7901234518528094
    },
    "specificity": {
      "mean": 0.9981249808694719,
      "std": 0.0014799191050264668,
      "min": 0.9941295515284804,
      "max": 0.9995872821765516,
      "median": 0.9985649034008706
    }
  },
  "per_sample": [
    {
      "dice": 0.0,
      "iou": 0.0,
      "precision": 0.0,
      "recall": 0.0,
      "f1": 0.0,
      "specificity": 0.9971869314618788,
      "tp": 0,
      "fp": 184,
      "fn": 127,
      "tn": 65225,
      "batch_idx": 0,
      "sample_idx": 0
    },
    {
      "dice": 0.0,
      "iou": 0.0,
      "precision": 0.0,
      "recall": 0.0,
      "f1": 0.0,
      "specificity": 0.9972912171156824,
      "tp": 0,
      "fp": 177,
      "fn": 193,
      "tn": 65166,
      "batch_idx": 0,
      "sample_idx": 1
    },
    {
      "dice": 0.04026845637493807,
      "iou": 0.02054794520501032,
      "precision": 0.06428571428112244,
      "recall": 0.0293159609110972,
      "f1": 0.04026845207192915,
      "specificity": 0.9979916908122157,
      "tp": 9,
      "fp": 131,
      "fn": 298,
      "tn": 65098,
      "batch_idx": 0,
      "sample_idx": 2
    },
    {
      "dice": 0.0598591549285236,
      "iou": 0.030852994554793955,
      "precision": 0.11888111887280552,
      "recall": 0.03999999999905882,
      "f1": 0.059859151159926335,
      "specificity": 0.9980648431139135,
      "tp": 17,
      "fp": 126,
      "fn": 408,
      "tn": 64985,
      "batch_idx": 0,
      "sample_idx": 3
    },
    {
      "dice": 0.3613445378113304,
      "iou": 0.22051282050999343,
      "precision": 0.43877551019288835,
      "recall": 0.30714285713737244,
      "f1": 0.36134453296324415,
      "specificity": 0.9966141344494897,
      "tp": 172,
      "fp": 220,
      "fn": 388,
      "tn": 64756,
      "batch_idx": 0,
      "sample_idx": 4
    },
    {
      "dice": 0.5526104417626296,
      "iou": 0.38179800221551835,
      "precision": 0.5434439178429156,
      "recall": 0.5620915032587893,
      "f1": 0.5526104367596136,
      "specificity": 0.9955486414883563,
      "tp": 344,
      "fp": 289,
      "fn": 268,
      "tn": 64635,
      "batch_idx": 0,
      "sample_idx": 5
    },
    {
      "dice": 0.627151051621242,
      "iou": 0.4568245125305773,
      "precision": 0.5767878077306355,
      "recall": 0.6871508379792297,
      "f1": 0.6271510466553659,
      "specificity": 0.9944307312556319,
      "tp": 492,
      "fp": 361,
      "fn": 224,
      "tn": 64459,
      "batch_idx": 0,
      "sample_idx": 6
    },
    {
      "dice": 0.7097480832381723,
      "iou": 0.5500848896387939,
      "precision": 0.6346718902974077,
      "recall": 0.8049689440893792,
      "f1": 0.7097480783042496,
      "specificity": 0.9942376913687423,
      "tp": 648,
      "fp": 373,
      "fn": 157,
      "tn": 64358,
      "batch_idx": 0,
      "sample_idx": 7
    },
    {
      "dice": 0.7460317460277989,
      "iou": 0.594936708855739,
      "precision": 0.6497695852474676,
      "recall": 0.8757763975046488,
      "f1": 0.746031741133591,
      "specificity": 0.9941295515284804,
      "tp": 705,
      "fp": 380,
      "fn": 100,
      "tn": 64351,
      "batch_idx": 0,
      "sample_idx": 8
    },
    {
      "dice": 0.8002119766783243,
      "iou": 0.6669611307361577,
      "precision": 0.7095864661587445,
      "recall": 0.917375455638914,
      "f1": 0.8002119717556405,
      "specificity": 0.995225070696615,
      "tp": 755,
      "fp": 309,
      "fn": 68,
      "tn": 64404,
      "batch_idx": 0,
      "sample_idx": 9
    },
    {
      "dice": 0.8276231263338992,
      "iou": 0.705936073052914,
      "precision": 0.7461389961317941,
      "recall": 0.9290865384503716,
      "f1": 0.8276231213891004,
      "specificity": 0.9959353363005385,
      "tp": 773,
      "fp": 263,
      "fn": 59,
      "tn": 64441,
      "batch_idx": 0,
      "sample_idx": 10
    },
    {
      "dice": 0.8608981380018571,
      "iou": 0.7557692307619638,
      "precision": 0.7955465586964013,
      "recall": 0.9379474940222202,
      "f1": 0.8608981330308829,
      "specificity": 0.9968778014774805,
      "tp": 786,
      "fp": 202,
      "fn": 52,
      "tn": 64496,
      "batch_idx": 0,
      "sample_idx": 11
    },
    {
      "dice": 0.8579205225865111,
      "iou": 0.7511916110509896,
      "precision": 0.819979188336941,
      "recall": 0.899543378985165,
      "f1": 0.857920517592546,
      "specificity": 0.997324466439685,
      "tp": 788,
      "fp": 173,
      "fn": 88,
      "tn": 64487,
      "batch_idx": 0,
      "sample_idx": 12
    },
    {
      "dice": 0.8397543271868244,
      "iou": 0.7237728585108396,
      "precision": 0.8300220750460262,
      "recall": 0.8497175141146924,
      "f1": 0.8397543221828232,
      "specificity": 0.9976179796134634,
      "tp": 752,
      "fp": 154,
      "fn": 133,
      "tn": 64497,
      "batch_idx": 0,
      "sample_idx": 13
    },
    {
      "dice": 0.8103339634479501,
      "iou": 0.6811440677893946,
      "precision": 0.8438320209863014,
      "recall": 0.7793939393844922,
      "f1": 0.8103339584507233,
      "specificity": 0.9981610545346234,
      "tp": 643,
      "fp": 119,
      "fn": 182,
      "tn": 64592,
      "batch_idx": 0,
      "sample_idx": 14
    },
    {
      "dice": 0.8335570469742715,
      "iou": 0.7146144994164025,
      "precision": 0.8685314685193213,
      "recall": 0.801290322570306,
      "f1": 0.8335570419767848,
      "specificity": 0.9985485091334293,
      "tp": 621,
      "fp": 94,
      "fn": 154,
      "tn": 64667,
      "batch_idx": 0,
      "sample_idx": 15
    },
    {
      "dice": 0.8747252747188665,
      "iou": 0.7773437499898783,
      "precision": 0.823448275850711,
      "recall": 0.9328124999854248,
      "f1": 0.8747252697318467,
      "specificity": 0.998027613412075,
      "tp": 597,
      "fp": 128,
      "fn": 43,
      "tn": 64768,
      "batch_idx": 1,
      "sample_idx": 0
    },
    {
      "dice": 0.8544668587834693,
      "iou": 0.745911949676152,
      "precision": 0.8134430726911737,
      "recall": 0.89984825491806,
      "f1": 0.8544668537900303,
      "specificity": 0.9979037255111984,
      "tp": 593,
      "fp": 136,
      "fn": 66,
      "tn": 64741,
      "batch_idx": 1,
      "sample_idx": 1
    },
    {
      "dice": 0.8565279770383321,
      "iou": 0.7490589711323832,
      "precision": 0.860230547538037,
      "recall": 0.8528571428449592,
      "f1": 0.8565279720322803,
      "specificity": 0.998503917576501,
      "tp": 597,
      "fp": 97,
      "fn": 103,
      "tn": 64739,
      "batch_idx": 1,
      "sample_idx": 2
    },
    {
      "dice": 0.8376575240857105,
      "iou": 0.7206632652969303,
      "precision": 0.834564254049711,
      "recall": 0.840773809511298,
      "f1": 0.8376575190795698,
      "specificity": 0.9982733103106503,
      "tp": 565,
      "fp": 112,
      "fn": 107,
      "tn": 64752,
      "batch_idx": 1,