{
  "checkpoint": "checkpoints/seg/best_model.pth",
  "data_dir": "data/processed/brats2d/val",
  "num_samples": 45,
  "threshold": 0.5,
  "summary": {
    "dice": {
      "mean": 0.708340698519483,
      "std": 0.1820795197460676,
      "min": 0.0,
      "max": 0.8877284595184369,
      "median": 0.774592467674117
    },
    "iou": {
      "mean": 0.5730376010604213,
      "std": 0.1771497928741352,
      "min": 0.0,
      "max": 0.7981220657089643,
      "median": 0.6321100917373201
    },
    "precision": {
      "mean": 0.7682584461313913,
      "std": 0.2126293587787507,
      "min": 0.0,
      "max": 0.9659090908816503,
      "median": 0.8253275108990104
    },
    "recall": {
      "mean": 0.6759348410749288,
      "std": 0.18896199727205512,
      "min": 0.0,
      "max": 0.8906249999892953,
      "median": 0.7391304347366999
    },
    "f1": {
      "mean": 0.7083406937221414,
      "std": 0.182079519275267,
      "min": 0.0,
      "max": 0.8877284545396043,
      "median": 0.7745924626698909
    },
    "specificity": {
      "mean": 0.9980641298116341,
      "std": 0.0017669252439812158,
      "min": 0.994276457883216,
      "max": 0.9998777132373893,
      "median": 0.9987655083018026
    }
  },
  "per_sample": [
    {
      "dice": 0.0,
      "iou": 0.0,
      "precision": 0.0,
      "recall": 0.0,
      "f1": 0.0,
      "specificity": 0.9961014539282063,
      "tp": 0,
      "fp": 255,
      "fn": 127,
      "tn": 65154,
      "batch_idx": 0,
      "sample_idx": 0
    },
    {
      "dice": 0.22641509433535065,
      "iou": 0.12765957446536894,
      "precision": 0.17804154302142308,
      "recall": 0.3108808289994362,
      "f1": 0.22641508970017807,
      "specificity": 0.9957608313054198,
      "tp": 60,
      "fp": 277,
      "fn": 133,
      "tn": 65066,
      "batch_idx": 0,
      "sample_idx": 1
    },
    {
      "dice": 0.31715210355473866,
      "iou": 0.1884615384579142,
      "precision": 0.3151125401827938,
      "recall": 0.3192182410319473,
      "f1": 0.3171520985498162,
      "specificity": 0.9967345812443857,
      "tp": 98,
      "fp": 213,
      "fn": 209,
      "tn": 65016,
      "batch_idx": 0,
      "sample_idx": 2
    },
    {
      "dice": 0.2998696218996106,
      "iou": 0.1763803680954543,
      "precision": 0.3362573099316884,
      "recall": 0.27058823528775083,
      "f1": 0.2998696169542521,
      "specificity": 0.9965136459275704,
      "tp": 115,
      "fp": 227,
      "fn": 310,
      "tn": 64884,
      "batch_idx": 0,
      "sample_idx": 3
    },
    {
      "dice": 0.45650140317627225,
      "iou": 0.2957575757539908,
      "precision": 0.47937131629706536,
      "recall": 0.4357142857065051,
      "f1": 0.4565013981833822,
      "specificity": 0.9959215710414622,
      "tp": 244,
      "fp": 265,
      "fn": 316,
      "tn": 64711,
      "batch_idx": 0,
      "sample_idx": 4
    },
    {
      "dice": 0.5917602996210356,
      "iou": 0.42021276595297646,
      "precision": 0.5463347164516413,
      "recall": 0.645424836590761,
      "f1": 0.5917602946511693,
      "specificity": 0.9949479391286743,
      "tp": 395,
      "fp": 328,
      "fn": 217,
      "tn": 64596,
      "batch_idx": 0,
      "sample_idx": 5
    },
    {
      "dice": 0.6301197227433515,
      "iou": 0.45998160073173894,
      "precision": 0.5740528128521922,
      "recall": 0.6983240223366156,
      "f1": 0.6301197177870768,
      "specificity": 0.994276457883216,
      "tp": 500,
      "fp": 371,
      "fn": 216,
      "tn": 64449,
      "batch_idx": 0,
      "sample_idx": 6
    },
    {
      "dice": 0.7204899777242735,
      "iou": 0.563098346383263,
      "precision": 0.6528758829399306,
      "recall": 0.8037267080645499,
      "f1": 0.7204899727738888,
      "specificity": 0.9946856992783991,
      "tp": 647,
      "fp": 344,
      "fn": 158,
      "tn": 64387,
      "batch_idx": 0,
      "sample_idx": 7
    },
    {
      "dice": 0.7489177489136963,
      "iou": 0.5986159169498391,
      "precision": 0.6634707574241279,
      "recall": 0.859627329181868,
      "f1": 0.7489177439925756,
      "specificity": 0.9945775594381372,
      "tp": 692,
      "fp": 351,
      "fn": 113,
      "tn": 64380,
      "batch_idx": 0,
      "sample_idx": 8
    },
    {
      "dice": 0.784482758616463,
      "iou": 0.6453900709162643,
      "precision": 0.7047434656272533,
      "recall": 0.8845686512650721,
      "f1": 0.7844827536762471,
      "specificity": 0.9952868820791811,
      "tp": 728,
      "fp": 305,
      "fn": 95,
      "tn": 64408,
      "batch_idx": 0,
      "sample_idx": 9
    },
    {
      "dice": 0.7929373996747302,
      "iou": 0.6569148936111976,
      "precision": 0.7145612343229069,
      "recall": 0.8906249999892953,
      "f1": 0.7929373947306407,
      "specificity": 0.9954253214637433,
      "tp": 741,
      "fp": 296,
      "fn": 91,
      "tn": 64408,
      "batch_idx": 0,
      "sample_idx": 10
    },
    {
      "dice": 0.806941431665906,
      "iou": 0.6763636363574876,
      "precision": 0.7395626242471216,
      "recall": 0.8878281622805748,
      "f1": 0.8069414267030317,
      "specificity": 0.9959504157777681,
      "tp": 744,
      "fp": 262,
      "fn": 94,
      "tn": 64436,
      "batch_idx": 0,
      "sample_idx": 11
    },
    {
      "dice": 0.8092672413749501,
      "iou": 0.6796380090436233,
      "precision": 0.7663265306044252,
      "recall": 0.8573059360632728,
      "f1": 0.8092672363862892,
      "specificity": 0.9964583977728122,
      "tp": 751,
      "fp": 229,
      "fn": 125,
      "tn": 64431,
      "batch_idx": 0,
      "sample_idx": 12
    },
    {
      "dice": 0.774592467674117,
      "iou": 0.6321100917373201,
      "precision": 0.7706935122956298,
      "recall": 0.7785310734375307,
      "f1": 0.7745924626698909,
      "specificity": 0.996829128706285,
      "tp": 689,
      "fp": 205,
      "fn": 196,
      "tn": 64446,
      "batch_idx": 0,
      "sample_idx": 13
    },
    {
      "dice": 0.7565831727632847,
      "iou": 0.6084710743738794,
      "precision": 0.8046448087321769,
      "recall": 0.7139393939307401,
      "f1": 0.756583167776264,
      "specificity": 0.9977901747769317,
      "tp": 589,
      "fp": 143,
      "fn": 236,
      "tn": 64568,
      "batch_idx": 0,
      "sample_idx": 14
    },
    {
      "dice": 0.7907608695598455,
      "iou": 0.6539325842623154,
      "precision": 0.8350071735891678,
      "recall": 0.750967741925794,
      "f1": 0.7907608645685126,
      "specificity": 0.998224239897315,
      "tp": 582,
      "fp": 115,
      "fn": 193,
      "tn": 64646,
      "batch_idx": 0,
      "sample_idx": 15
    },
    {
      "dice": 0.8385650224152574,
      "iou": 0.7220077219984298,
      "precision": 0.8037249283552474,
      "recall": 0.8765624999863036,
      "f1": 0.8385650174183854,
      "specificity": 0.9978889299801225,
      "tp": 561,
      "fp": 137,
      "fn": 79,
      "tn": 64759,
      "batch_idx": 1,
      "sample_idx": 0
    },
    {
      "dice": 0.8249999999939339,
      "iou": 0.7021276595656805,
      "precision": 0.8002853066932912,
      "recall": 0.8512898330675069,
      "f1": 0.8249999949926362,
      "specificity": 0.9978420703791795,
      "tp": 561,
      "fp": 140,
      "fn": 98,
      "tn": 64737,
      "batch_idx": 1,
      "sample_idx": 1
    },
    {
      "dice": 0.8155619596483029,
      "iou": 0.6885644768772681,
      "precision": 0.8226744185926936,
      "recall": 0.8085714285598775,
      "f1": 0.8155619546428009,
      "specificity": 0.9981183293230615,
      "tp": 566,
      "fp": 122,
      "fn": 134,
      "tn": 64714,
      "batch_idx": 1,
      "sample_idx": 2
    },
    {
      "dice": 0.7999999999938932,
      "iou": 0.6666666666581849,
      "precision": 0.8213166144071894,
      "recall": 0.7797619047503012,
      "f1": 0.7999999949911544,
      "specificity": 0.9982424765662004,
      "tp": 524,
      "fp": 114,
      "fn": 148,
      "tn": 64750,
      "batch_idx": 1,