{
  "segmentation": {
    "dice": 0.8336618798119682,
    "dice_std": 0.0759438511795998,
    "iou": 0.7219562871115548,
    "iou_std": 0.11062234247184696,
    "n_samples": 7
  },
  "classification": {
    "accuracy": 0.8695652173913043,
    "precision": 0.8695652173913043,
    "recall": 1.0,
    "f1": 0.9302325581395349,
    "roc_auc": 0.9489795918367347,
    "confusion_matrix": [
      [
        0,
        21
      ],
      [
        0,
        140
      ]
    ],
    "n_samples": 161
  },
  "metadata": {
    "checkpoint": "checkpoints/multitask_joint/best_model.pth",
    "test_brats": "data/processed/brats2d/test",
    "test_kaggle": "data/processed/kaggle/test",
    "device": "cuda",
    "model_params": {
      "encoder": 72016,
      "seg_decoder": 46289,
      "cls_head": 1074,
      "total": 119379
    },
    "combined_metric": 0.8516135486016363
  }
}