{
  "segmentation": {
    "dice": 0.8016291345868792,
    "dice_std": 0.09051726619504469,
    "iou": 0.6784039565495082,
    "iou_std": 0.12556365394947744,
    "n_samples": 7
  },
  "classification": {
    "accuracy": 0.8944099378881988,
    "precision": 0.896774193548387,
    "recall": 0.9928571428571429,
    "f1": 0.9423728813559322,
    "roc_auc": 0.9214285714285715,
    "confusion_matrix": [
      [
        5,
        16
      ],
      [
        1,
        139
      ]
    ],
    "n_samples": 161
  },
  "metadata": {
    "checkpoint": "checkpoints/multitask_joint/best_model.pth",
    "test_brats": "data/processed/brats2d/test",
    "test_kaggle": "data/processed/kaggle/test",
    "device": "cuda",
    "model_params": {
      "encoder": 1172640,
      "seg_decoder": 775073,
      "cls_head": 66306,
      "total": 2014019
    },
    "combined_metric": 0.848019536237539
  }
}