{
  "segmentation": {
    "dice": 0.85898471730096,
    "dice_std": 0.05121655084070021,
    "iou": 0.756433197430202,
    "iou_std": 0.08041537375141196,
    "n_samples": 7
  },
  "classification": {
    "accuracy": 0.8819875776397516,
    "precision": 0.9230769230769231,
    "recall": 0.9428571428571428,
    "f1": 0.9328621908127208,
    "roc_auc": 0.9197278911564626,
    "confusion_matrix": [
      [
        10,
        11
      ],
      [
        8,
        132
      ]
    ],
    "n_samples": 161
  },
  "metadata": {
    "checkpoint": "checkpoints/multitask_joint/best_model.pth",
    "test_brats": "data/processed/brats2d/test",
    "test_kaggle": "data/processed/kaggle/test",
    "device": "cuda",
    "model_params": {
      "encoder": 1172640,
      "seg_decoder": 775073,
      "cls_head": 66306,
      "total": 2014019
    },
    "combined_metric": 0.8704861474703558
  }
}