{
  "segmentation": {
    "dice": 0.36701520465695386,
    "dice_std": 0.3068329589007193,
    "iou": 0.2711836571424184,
    "iou_std": 0.2503102434013005,
    "n_samples": 22
  },
  "classification": {
    "accuracy": 0.7598944591029023,
    "precision": 0.7331378299120235,
    "recall": 1.0,
    "f1": 0.8460236886632826,
    "roc_auc": 0.862077519379845,
    "confusion_matrix": [
      [
        38,
        91
      ],
      [
        0,
        250
      ]
    ],
    "n_samples": 379
  },
  "metadata": {
    "checkpoint": "checkpoints/multitask_joint/best_model.pth",
    "test_brats": "data/processed/brats2d/test",
    "test_kaggle": "data/processed/kaggle/test",
    "device": "cuda",
    "model_params": {
      "encoder": 72016,
      "seg_decoder": 46289,
      "cls_head": 1074,
      "total": 119379
    },
    "combined_metric": 0.5634548318799281
  }
}