{
  "segmentation": {
    "dice": 0.4247372923934811,
    "dice_std": 0.32726823900640456,
    "iou": 0.32889627269634564,
    "iou_std": 0.29115546544987586,
    "n_samples": 22
  },
  "classification": {
    "accuracy": 0.7678100263852242,
    "precision": 0.7396449704142012,
    "recall": 1.0,
    "f1": 0.8503401360544217,
    "roc_auc": 0.8556589147286822,
    "confusion_matrix": [
      [
        41,
        88
      ],
      [
        0,
        250
      ]
    ],
    "n_samples": 379
  },
  "metadata": {
    "checkpoint": "checkpoints/multitask_joint/best_model.pth",
    "test_brats": "data/processed/brats2d/test",
    "test_kaggle": "data/processed/kaggle/test",
    "device": "cuda",
    "model_params": {
      "encoder": 72016,
      "seg_decoder": 46289,
      "cls_head": 1074,
      "total": 119379
    },
    "combined_metric": 0.5962736593893527
  }
}