{
  "segmentation": {
    "dice": 0.8372705663953509,
    "dice_std": 0.07819771642941883,
    "iou": 0.7275394967624119,
    "iou_std": 0.11092683444862403,
    "n_samples": 7
  },
  "classification": {
    "accuracy": 0.9254658385093167,
    "precision": 0.9324324324324325,
    "recall": 0.9857142857142858,
    "f1": 0.9583333333333334,
    "roc_auc": 0.9581632653061225,
    "confusion_matrix": [
      [
        11,
        10
      ],
      [
        2,
        138
      ]
    ],
    "n_samples": 161
  },
  "metadata": {
    "checkpoint": "checkpoints/multitask_joint/best_model.pth",
    "test_brats": "data/processed/brats2d/test",
    "test_kaggle": "data/processed/kaggle/test",
    "device": "cuda",
    "model_params": {
      "encoder": 18846016,
      "seg_decoder": 12537665,
      "cls_head": 262914,
      "total": 31646595
    },
    "combined_metric": 0.8813682024523338
  }
}