{
  "segmentation": {
    "dice": 0.9466361744063241,
    "dice_std": 0.017866778341113904,
    "iou": 0.8992300289017814,
    "iou_std": 0.03247796171804405,
    "n_samples": 7
  },
  "classification": {
    "accuracy": 0.9130434782608695,
    "precision": 0.9436619718309859,
    "recall": 0.9571428571428572,
    "f1": 0.950354609929078,
    "roc_auc": 0.9425170068027211,
    "confusion_matrix": [
      [
        13,
        8
      ],
      [
        6,
        134
      ]
    ],
    "n_samples": 161
  },
  "metadata": {
    "checkpoint": "checkpoints/multitask_joint/best_model.pth",
    "test_brats": "data/processed/brats2d/test",
    "test_kaggle": "data/processed/kaggle/test",
    "device": "cuda",
    "model_params": {
      "encoder": 4713632,
      "seg_decoder": 3135393,
      "cls_head": 131842,
      "total": 7980867
    },
    "combined_metric": 0.9298398263335967
  }
}