{
  "segmentation": {
    "dice": 0.38310370657762344,
    "dice_std": 0.3151709246542436,
    "iou": 0.28673592273315246,
    "iou_std": 0.25854333469814855,
    "n_samples": 22
  },
  "classification": {
    "accuracy": 0.7546174142480211,
    "precision": 0.7288629737609329,
    "recall": 1.0,
    "f1": 0.8431703204047217,
    "roc_auc": 0.8676279069767442,
    "confusion_matrix": [
      [
        36,
        93
      ],
      [
        0,
        250
      ]
    ],
    "n_samples": 379
  },
  "metadata": {
    "checkpoint": "checkpoints/multitask_joint/best_model.pth",
    "test_brats": "data/processed/brats2d/test",
    "test_kaggle": "data/processed/kaggle/test",
    "device": "cuda",
    "model_params": {
      "encoder": 72016,
      "seg_decoder": 46289,
      "cls_head": 1074,
      "total": 119379
    },
    "combined_metric": 0.5688605604128223
  }
}