{
  "segmentation": {
    "dice": 0.7649795583316258,
    "dice_std": 0.139718640377835,
    "iou": 0.6401469366891044,
    "iou_std": 0.18365106691622612,
    "n_samples": 7
  },
  "classification": {
    "accuracy": 0.9130434782608695,
    "precision": 0.9315068493150684,
    "recall": 0.9714285714285714,
    "f1": 0.951048951048951,
    "roc_auc": 0.9183673469387755,
    "confusion_matrix": [
      [
        11,
        10
      ],
      [
        4,
        136
      ]
    ],
    "n_samples": 161
  },
  "metadata": {
    "checkpoint": "checkpoints/multitask_joint/best_model.pth",
    "test_brats": "data/processed/brats2d/test",
    "test_kaggle": "data/processed/kaggle/test",
    "device": "cuda",
    "model_params": {
      "encoder": 1172640,
      "seg_decoder": 775073,
      "cls_head": 66306,
      "total": 2014019
    },
    "combined_metric": 0.8390115182962476
  }
}