{
  "segmentation": {
    "dice": 0.8204873289380755,
    "dice_std": 0.08212115310179101,
    "iou": 0.7037509594644819,
    "iou_std": 0.11698705186480575,
    "n_samples": 7
  },
  "classification": {
    "accuracy": 0.8819875776397516,
    "precision": 0.9006622516556292,
    "recall": 0.9714285714285714,
    "f1": 0.9347079037800687,
    "roc_auc": 0.8931972789115646,
    "confusion_matrix": [
      [
        6,
        15
      ],
      [
        4,
        136
      ]
    ],
    "n_samples": 161
  },
  "metadata": {
    "checkpoint": "checkpoints/multitask_joint/best_model.pth",
    "test_brats": "data/processed/brats2d/test",
    "test_kaggle": "data/processed/kaggle/test",
    "device": "cuda",
    "model_params": {
      "encoder": 1172640,
      "seg_decoder": 775073,
      "cls_head": 66306,
      "total": 2014019
    },
    "combined_metric": 0.8512374532889135
  }
}