{
  "segmentation": {
    "dice": 0.8991873008864266,
    "dice_std": 0.06424680467272495,
    "iou": 0.8226693953786578,
    "iou_std": 0.1000256099810457,
    "n_samples": 7
  },
  "classification": {
    "accuracy": 0.8695652173913043,
    "precision": 0.8695652173913043,
    "recall": 1.0,
    "f1": 0.9302325581395349,
    "roc_auc": 0.9523809523809523,
    "confusion_matrix": [
      [
        0,
        21
      ],
      [
        0,
        140
      ]
    ],
    "n_samples": 161
  },
  "metadata": {
    "checkpoint": "checkpoints/multitask_joint/best_model.pth",
    "test_brats": "data/processed/brats2d/test",
    "test_kaggle": "data/processed/kaggle/test",
    "device": "cuda",
    "model_params": {
      "encoder": 4713632,
      "seg_decoder": 3135393,
      "cls_head": 131842,
      "total": 7980867
    },
    "combined_metric": 0.8843762591388655
  }
}