{
  "segmentation": {
    "dice": 0.8239325540406364,
    "dice_std": 0.08766792629082167,
    "iou": 0.7099197592054095,
    "iou_std": 0.12557897683937874,
    "n_samples": 7
  },
  "classification": {
    "accuracy": 0.8695652173913043,
    "precision": 0.8695652173913043,
    "recall": 1.0,
    "f1": 0.9302325581395349,
    "roc_auc": 0.9411564625850339,
    "confusion_matrix": [
      [
        0,
        21
      ],
      [
        0,
        140
      ]
    ],
    "n_samples": 161
  },
  "metadata": {
    "checkpoint": "checkpoints/multitask_joint/best_model.pth",
    "test_brats": "data/processed/brats2d/test",
    "test_kaggle": "data/processed/kaggle/test",
    "device": "cuda",
    "model_params": {
      "encoder": 72016,
      "seg_decoder": 46289,
      "cls_head": 1074,
      "total": 119379
    },
    "combined_metric": 0.8467488857159704
  }
}