{
  "segmentation": {
    "dice": 0.8296981113297599,
    "dice_std": 0.06563479543850896,
    "iou": 0.7143637708255223,
    "iou_std": 0.09642404110489311,
    "n_samples": 7
  },
  "classification": {
    "accuracy": 0.8695652173913043,
    "precision": 0.8695652173913043,
    "recall": 1.0,
    "f1": 0.9302325581395349,
    "roc_auc": 0.870748299319728,
    "confusion_matrix": [
      [
        0,
        21
      ],
      [
        0,
        140
      ]
    ],
    "n_samples": 161
  },
  "metadata": {
    "checkpoint": "checkpoints/multitask_joint/best_model.pth",
    "test_brats": "data/processed/brats2d/test",
    "test_kaggle": "data/processed/kaggle/test",
    "device": "cuda",
    "model_params": {
      "encoder": 293712,
      "seg_decoder": 194001,
      "cls_head": 33538,
      "total": 521251
    },
    "combined_metric": 0.8496316643605322
  }
}