{
  "segmentation": {
    "dice": 0.42474794819612394,
    "dice_std": 0.32690597616501993,
    "iou": 0.328694397943433,
    "iou_std": 0.29037785814337647,
    "n_samples": 22
  },
  "classification": {
    "accuracy": 0.7598944591029023,
    "precision": 0.7331378299120235,
    "recall": 1.0,
    "f1": 0.8460236886632826,
    "roc_auc": 0.8711627906976744,
    "confusion_matrix": [
      [
        38,
        91
      ],
      [
        0,
        250
      ]
    ],
    "n_samples": 379
  },
  "metadata": {
    "checkpoint": "checkpoints/multitask_joint/best_model.pth",
    "test_brats": "data/processed/brats2d/test",
    "test_kaggle": "data/processed/kaggle/test",
    "device": "cuda",
    "model_params": {
      "encoder": 72016,
      "seg_decoder": 46289,
      "cls_head": 1074,
      "total": 119379
    },
    "combined_metric": 0.5923212036495131
  }
}